-- phpMyAdmin SQL Dump
-- version 5.2.1
-- https://www.phpmyadmin.net/
--
-- Host: localhost:3307
-- Generation Time: Apr 26, 2025 at 06:59 PM
-- Server version: 10.4.28-MariaDB
-- PHP Version: 8.2.4

SET SQL_MODE = "NO_AUTO_VALUE_ON_ZERO";
START TRANSACTION;
SET time_zone = "+00:00";


/*!40101 SET @OLD_CHARACTER_SET_CLIENT=@@CHARACTER_SET_CLIENT */;
/*!40101 SET @OLD_CHARACTER_SET_RESULTS=@@CHARACTER_SET_RESULTS */;
/*!40101 SET @OLD_COLLATION_CONNECTION=@@COLLATION_CONNECTION */;
/*!40101 SET NAMES utf8mb4 */;

--
-- Database: `testing`
--

-- --------------------------------------------------------

--
-- Table structure for table `tbl_class_list`
--

CREATE TABLE `tbl_class_list` (
  `class_code` int(11) NOT NULL,
  `student_no` varchar(8) NOT NULL
) ENGINE=InnoDB DEFAULT CHARSET=utf8mb4 COLLATE=utf8mb4_general_ci;

--
-- Dumping data for table `tbl_class_list`
--

INSERT INTO `tbl_class_list` (`class_code`, `student_no`) VALUES
(1, '22-00037'),
(2, '22-00037'),
(3, '22-00037'),
(4, '22-00037'),
(5, '22-00037'),
(6, '22-00037'),
(7, '22-00037'),
(8, '22-00037'),
(9, '22-00037'),
(10, '22-00037'),
(1, '22-00017'),
(2, '22-00017'),
(3, '22-00017'),
(4, '22-00017'),
(5, '22-00017'),
(6, '22-00017'),
(7, '22-00017'),
(8, '22-00017'),
(9, '22-00017'),
(10, '22-00017'),
(1, '22-00022'),
(2, '22-00022'),
(3, '22-00022'),
(4, '22-00022'),
(5, '22-00022'),
(6, '22-00022'),
(7, '22-00022'),
(8, '22-00022'),
(9, '22-00022'),
(10, '22-00022'),
(1, '22-00025'),
(2, '22-00025'),
(3, '22-00025'),
(4, '22-00025'),
(5, '22-00025'),
(6, '22-00025'),
(7, '22-00025'),
(8, '22-00025'),
(9, '22-00025'),
(10, '22-00025'),
(1, '22-00029'),
(2, '22-00029'),
(3, '22-00029'),
(4, '22-00029'),
(5, '22-00029'),
(6, '22-00029'),
(7, '22-00029'),
(8, '22-00029'),
(9, '22-00029'),
(10, '22-00029'),
(1, '22-00049'),
(2, '22-00049'),
(3, '22-00049'),
(4, '22-00049'),
(5, '22-00049'),
(6, '22-00049'),
(7, '22-00049'),
(8, '22-00049'),
(9, '22-00049'),
(10, '22-00049'),
(1, '22-00050'),
(2, '22-00050'),
(3, '22-00050'),
(4, '22-00050'),
(5, '22-00050'),
(6, '22-00050'),
(7, '22-00050'),
(8, '22-00050'),
(9, '22-00050'),
(10, '22-00050'),
(1, '22-00062'),
(2, '22-00062'),
(3, '22-00062'),
(4, '22-00062'),
(5, '22-00062'),
(6, '22-00062'),
(7, '22-00062'),
(8, '22-00062'),
(9, '22-00062'),
(10, '22-00062'),
(1, '22-00071'),
(2, '22-00071'),
(3, '22-00071'),
(4, '22-00071'),
(5, '22-00071'),
(6, '22-00071'),
(7, '22-00071'),
(8, '22-00071'),
(9, '22-00071'),
(10, '22-00071'),
(1, '22-00072'),
(2, '22-00072'),
(3, '22-00072'),
(4, '22-00072'),
(5, '22-00072'),
(6, '22-00072'),
(7, '22-00072'),
(8, '22-00072'),
(9, '22-00072'),
(10, '22-00072'),
(1, '22-00082'),
(2, '22-00082'),
(3, '22-00082'),
(4, '22-00082'),
(5, '22-00082'),
(6, '22-00082'),
(7, '22-00082'),
(8, '22-00082'),
(9, '22-00082'),
(10, '22-00082'),
(1, '22-00091'),
(2, '22-00091'),
(3, '22-00091'),
(4, '22-00091'),
(5, '22-00091'),
(6, '22-00091'),
(7, '22-00091'),
(8, '22-00091'),
(9, '22-00091'),
(10, '22-00091'),
(1, '22-00104'),
(2, '22-00104'),
(3, '22-00104'),
(4, '22-00104'),
(5, '22-00104'),
(6, '22-00104'),
(7, '22-00104'),
(8, '22-00104'),
(9, '22-00104'),
(10, '22-00104'),
(1, '22-00132'),
(2, '22-00132'),
(3, '22-00132'),
(4, '22-00132'),
(5, '22-00132'),
(6, '22-00132'),
(7, '22-00132'),
(8, '22-00132'),
(9, '22-00132'),
(10, '22-00132'),
(1, '22-00144'),
(2, '22-00144'),
(3, '22-00144'),
(4, '22-00144'),
(5, '22-00144'),
(6, '22-00144'),
(7, '22-00144'),
(8, '22-00144'),
(9, '22-00144'),
(10, '22-00144'),
(1, '22-00150'),
(2, '22-00150'),
(3, '22-00150'),
(4, '22-00150'),
(5, '22-00150'),
(6, '22-00150'),
(7, '22-00150'),
(8, '22-00150'),
(9, '22-00150'),
(10, '22-00150'),
(8, '22-00122'),
(3, '22-00122'),
(4, '22-00122'),
(1, '22-00122'),
(2, '22-00122'),
(5, '22-00122'),
(6, '22-00122'),
(9, '22-00122'),
(11, '23-00056'),
(12, '23-00056'),
(3, '23-00056'),
(4, '23-00056'),
(1, '23-00056'),
(2, '23-00056'),
(19, '23-00056'),
(20, '23-00056'),
(5, '23-00056'),
(6, '23-00056'),
(9, '23-00056'),
(10, '23-00056'),
(13, '24-00055'),
(3, '24-00055'),
(4, '24-00055'),
(1, '24-00055'),
(2, '24-00055'),
(16, '24-00055'),
(9, '24-00055'),
(10, '24-00055'),
(13, '24-00056'),
(3, '24-00056'),
(4, '24-00056'),
(1, '24-00056'),
(2, '24-00056'),
(16, '24-00056'),
(9, '24-00056'),
(10, '24-00056'),
(13, '24-00057'),
(3, '24-00057'),
(4, '24-00057'),
(1, '24-00057'),
(2, '24-00057'),
(16, '24-00057'),
(9, '24-00057'),
(10, '24-00057'),
(17, '23-00060'),
(18, '23-00060'),
(1, '23-00060'),
(2, '23-00060'),
(9, '23-00060'),
(11, '23-00123'),
(19, '23-00123'),
(20, '23-00123'),
(12, '23-00123'),
(5, '23-00123'),
(6, '23-00123'),
(1, '23-00123'),
(2, '23-00123'),
(9, '23-00123'),
(8, '23-00123'),
(8, '23-00002'),
(3, '23-00002'),
(4, '23-00002'),
(1, '23-00002'),
(2, '23-00002'),
(19, '23-00002'),
(20, '23-00002'),
(5, '23-00002'),
(6, '23-00002'),
(9, '23-00002'),
(17, '23-00002'),
(18, '23-00002'),
(11, '22-00120'),
(12, '22-00120'),
(8, '22-00120'),
(1, '22-00120'),
(2, '22-00120'),
(19, '22-00120'),
(20, '22-00120'),
(5, '22-00120'),
(6, '22-00120'),
(9, '22-00120'),
(10, '22-00120'),
(11, '21-00080'),
(19, '21-00080'),
(20, '21-00080'),
(12, '21-00080'),
(5, '21-00080'),
(6, '21-00080'),
(1, '21-00080'),
(2, '21-00080'),
(9, '21-00080'),
(3, '21-00080'),
(4, '21-00080'),
(21, '22-00058'),
(22, '22-00058'),
(7, '22-00058'),
(8, '22-00058'),
(1, '22-00058'),
(2, '22-00058'),
(5, '22-00058'),
(6, '22-00058'),
(9, '22-00058'),
(10, '22-00058'),
(14, '24-00055'),
(15, '24-00055'),
(14, '24-00057'),
(15, '24-00057'),
(14, '24-00056'),
(15, '24-00056');

-- --------------------------------------------------------

--
-- Table structure for table `tbl_course`
--

CREATE TABLE `tbl_course` (
  `course_code` varchar(20) NOT NULL,
  `course_description` text NOT NULL
) ENGINE=InnoDB DEFAULT CHARSET=utf8mb4 COLLATE=utf8mb4_general_ci;

--
-- Dumping data for table `tbl_course`
--

INSERT INTO `tbl_course` (`course_code`, `course_description`) VALUES
('BEED', 'Bachelor of Elementary Education'),
('BS PSYCH', 'Bachelor of Science in Psychology'),
('BSAIS', 'Bachelor of Science in Accounting Information System'),
('BSED', 'Bachelor of Secondary Education'),
('BSHM', 'Bachelor of Science in Hospitality Management'),
('BSIT', 'Bachelor of Science in Information Technology'),
('BSTM', 'Bachelor of Science in Tourism Management');

-- --------------------------------------------------------

--
-- Table structure for table `tbl_department`
--

CREATE TABLE `tbl_department` (
  `department_code` varchar(20) NOT NULL,
  `department_name` text NOT NULL
) ENGINE=InnoDB DEFAULT CHARSET=utf8mb4 COLLATE=utf8mb4_general_ci;

--
-- Dumping data for table `tbl_department`
--

INSERT INTO `tbl_department` (`department_code`, `department_name`) VALUES
('CAS', 'College of Arts and Science'),
('CCJE', 'College of Criminal Justice'),
('CE', 'College of Education'),
('CIT', 'College of Information Technology');

-- --------------------------------------------------------

--
-- Table structure for table `tbl_faculty`
--

CREATE TABLE `tbl_faculty` (
  `faculty_code` varchar(10) NOT NULL,
  `faculty_name` varchar(100) NOT NULL,
  `department_code` varchar(20) NOT NULL,
  `password` text NOT NULL
) ENGINE=InnoDB DEFAULT CHARSET=utf8mb4 COLLATE=utf8mb4_general_ci;

--
-- Dumping data for table `tbl_faculty`
--

INSERT INTO `tbl_faculty` (`faculty_code`, `faculty_name`, `department_code`, `password`) VALUES
('CAS01', 'Dunuan, Dr. Rosalie R.', 'CAS', 'da69d4d08f053d165041d1fa1813cab7'),
('CAS02', 'Thiam, Rhodora M.', 'CAS', 'da69d4d08f053d165041d1fa1813cab7'),
('CAS03', 'Bellosilo, Noemi', 'CAS', 'da69d4d08f053d165041d1fa1813cab7'),
('CAS04', 'Malabanan, Eric C.', 'CAS', 'da69d4d08f053d165041d1fa1813cab7'),
('CIT01', 'Ballita, May-Lane E.', 'CIT', 'da69d4d08f053d165041d1fa1813cab7'),
('CIT02', 'Cruz, Winnie L.', 'CIT', 'da69d4d08f053d165041d1fa1813cab7'),
('CIT03', 'Dala, Shiela L', 'CIT', 'da69d4d08f053d165041d1fa1813cab7'),
('CIT04', 'Fadrigo, Ryan Allan D.', 'CIT', 'da69d4d08f053d165041d1fa1813cab7'),
('CIT05', 'Pancho, Dr. Ma. Teresa', 'CIT', 'da69d4d08f053d165041d1fa1813cab7'),
('CIT06', 'Linao, Benedicto', 'CIT', 'da69d4d08f053d165041d1fa1813cab7');

-- --------------------------------------------------------

--
-- Table structure for table `tbl_grades`
--

CREATE TABLE `tbl_grades` (
  `class_code` int(11) NOT NULL,
  `student_no` varchar(8) NOT NULL,
  `prelim` varchar(5) NOT NULL,
  `midterm` varchar(5) NOT NULL,
  `semi_finals` varchar(5) NOT NULL,
  `finals` varchar(5) NOT NULL,
  `final_grade` varchar(5) NOT NULL,
  `remarks` varchar(10) NOT NULL
) ENGINE=InnoDB DEFAULT CHARSET=utf8mb4 COLLATE=utf8mb4_general_ci;

--
-- Dumping data for table `tbl_grades`
--

INSERT INTO `tbl_grades` (`class_code`, `student_no`, `prelim`, `midterm`, `semi_finals`, `finals`, `final_grade`, `remarks`) VALUES
(1, '22-00037', '1.50', '1.50', '1.50', '1.50', '1.50', 'Passed'),
(2, '22-00037', '1.25', '1.25', '1.25', '1.25', '1.25', 'Passed'),
(3, '22-00037', '2.00', '2.00', '2.00', '2.00', '2.00', 'Passed'),
(4, '22-00037', '1.50', '1.50', '1.50', '1.50', '1.50', 'Passed'),
(5, '22-00037', '1.50', '1.50', '1.50', '1.50', '1.50', 'Passed'),
(6, '22-00037', '1.75', '1.75', '1.75', '1.75', '1.75', 'Passed'),
(7, '22-00037', '1.50', '1.50', '1.50', '1.50', '1.50', 'Passed'),
(8, '22-00037', '1.75', '1.75', '1.75', '1.75', '1.75', 'Passed'),
(9, '22-00037', '2.00', '2.00', '2.00', '2.00', '2.00', 'Passed'),
(10, '22-00037', '1.50', '1.50', '1.50', '1.50', '1.50', 'Passed'),
(1, '22-00017', '1.75', '1.50', '1.50', '1.75', '1.75', 'Passed'),
(2, '22-00017', '1.50', '1.50', '1.75', '1.50', '1.50', 'Passed'),
(3, '22-00017', '2.00', '2.00', '2.00', '2.00', '2.00', 'Passed'),
(4, '22-00017', '1.75', '1.75', '1.50', '1.50', '1.75', 'Passed'),
(5, '22-00017', '1.50', '1.50', '1.50', '1.50', '1.50', 'Passed'),
(6, '22-00017', '1.75', '1.75', '1.75', '1.75', '1.75', 'Passed'),
(7, '22-00017', '2.00', '2.00', '2.00', '2.00', '2.00', 'Passed'),
(8, '22-00017', '1.50', '1.50', '1.50', '1.50', '1.50', 'Passed'),
(9, '22-00017', '1.75', '1.75', '1.75', '1.75', '1.75', 'Passed'),
(10, '22-00017', '2.00', '2.00', '2.00', '2.00', '2.00', 'Passed'),
(1, '22-00022', '1.50', '1.75', '1.50', '1.75', '1.75', 'Passed'),
(2, '22-00022', '1.50', '1.50', '1.50', '1.50', '1.50', 'Passed'),
(3, '22-00022', '1.75', '1.75', '1.75', '1.75', '1.75', 'Passed'),
(4, '22-00022', '2.00', '2.00', '2.00', '2.00', '2.00', 'Passed'),
(5, '22-00022', '1.75', '1.50', '1.75', '1.50', '1.75', 'Passed'),
(6, '22-00022', '1.50', '1.50', '1.50', '1.50', '1.50', 'Passed'),
(7, '22-00022', '1.75', '1.75', '1.75', '1.75', '1.75', 'Passed'),
(8, '22-00022', '2.00', '2.00', '2.00', '2.00', '2.00', 'Passed'),
(9, '22-00022', '1.50', '1.50', '1.50', '1.50', '1.50', 'Passed'),
(10, '22-00022', '1.75', '1.75', '1.75', '1.75', '1.75', 'Passed'),
(1, '22-00025', '2.00', '2.00', '2.00', '2.00', '2.00', 'Passed'),
(2, '22-00025', '1.50', '1.50', '1.50', '1.50', '1.50', 'Passed'),
(3, '22-00025', '1.75', '1.75', '1.75', '1.75', '1.75', 'Passed'),
(4, '22-00025', '1.50', '1.50', '1.50', '1.50', '1.50', 'Passed'),
(5, '22-00025', '1.75', '1.75', '1.75', '1.75', '1.75', 'Passed'),
(6, '22-00025', '2.00', '2.00', '2.00', '2.00', '2.00', 'Passed'),
(7, '22-00025', '1.50', '1.50', '1.50', '1.50', '1.50', 'Passed'),
(8, '22-00025', '1.75', '1.75', '1.75', '1.75', '1.75', 'Passed'),
(9, '22-00025', '1.50', '1.50', '1.50', '1.50', '1.50', 'Passed'),
(10, '22-00025', '1.75', '1.75', '1.75', '1.75', '1.75', 'Passed'),
(1, '22-00029', '1.75', '1.75', '1.75', '1.75', '1.75', 'Passed'),
(2, '22-00029', '1.50', '1.50', '1.50', '1.50', '1.50', 'Passed'),
(3, '22-00029', '1.75', '1.75', '1.75', '1.75', '1.75', 'Passed'),
(4, '22-00029', '2.00', '2.00', '2.00', '2.00', '2.00', 'Passed'),
(5, '22-00029', '1.75', '1.75', '1.75', '1.75', '1.75', 'Passed'),
(6, '22-00029', '1.50', '1.50', '1.50', '1.50', '1.50', 'Passed'),
(7, '22-00029', '1.75', '1.75', '1.75', '1.75', '1.75', 'Passed'),
(8, '22-00029', '2.00', '2.00', '2.00', '2.00', '2.00', 'Passed'),
(9, '22-00029', '1.50', '1.50', '1.50', '1.50', '1.50', 'Passed'),
(10, '22-00029', '1.75', '1.75', '1.75', '1.75', '1.75', 'Passed'),
(1, '22-00049', '1.75', '1.50', '1.50', '1.75', '1.75', 'Passed'),
(2, '22-00049', '1.50', '1.50', '1.75', '1.50', '1.50', 'Passed'),
(3, '22-00049', '2.00', '2.00', '2.00', '2.00', '2.00', 'Passed'),
(4, '22-00049', '1.75', '1.75', '1.50', '1.50', '1.75', 'Passed'),
(5, '22-00049', '1.50', '1.50', '1.50', '1.50', '1.50', 'Passed'),
(6, '22-00049', '1.75', '1.75', '1.75', '1.75', '1.75', 'Passed'),
(7, '22-00049', '2.00', '2.00', '2.00', '2.00', '2.00', 'Passed'),
(8, '22-00049', '1.50', '1.50', '1.50', '1.50', '1.50', 'Passed'),
(9, '22-00049', '1.75', '1.75', '1.75', '1.75', '1.75', 'Passed'),
(10, '22-00049', '2.00', '2.00', '2.00', '2.00', '2.00', 'Passed'),
(1, '22-00050', '1.50', '1.75', '1.50', '1.75', '1.75', 'Passed'),
(2, '22-00050', '1.50', '1.50', '1.50', '1.50', '1.50', 'Passed'),
(3, '22-00050', '1.75', '1.75', '1.75', '1.75', '1.75', 'Passed'),
(4, '22-00050', '2.00', '2.00', '2.00', '2.00', '2.00', 'Passed'),
(5, '22-00050', '1.75', '1.50', '1.75', '1.50', '1.75', 'Passed'),
(6, '22-00050', '1.50', '1.50', '1.50', '1.50', '1.50', 'Passed'),
(7, '22-00050', '1.75', '1.75', '1.75', '1.75', '1.75', 'Passed'),
(8, '22-00050', '2.00', '2.00', '2.00', '2.00', '2.00', 'Passed'),
(9, '22-00050', '1.50', '1.50', '1.50', '1.50', '1.50', 'Passed'),
(10, '22-00050', '1.75', '1.75', '1.75', '1.75', '1.75', 'Passed'),
(1, '22-00062', '1.75', '1.75', '1.75', '1.75', '1.75', 'Passed'),
(2, '22-00062', '1.50', '1.50', '1.50', '1.50', '1.50', 'Passed'),
(3, '22-00062', '1.75', '1.75', '1.75', '1.75', '1.75', 'Passed'),
(4, '22-00062', '2.00', '2.00', '2.00', '2.00', '2.00', 'Passed'),
(5, '22-00062', '1.75', '1.75', '1.75', '1.75', '1.75', 'Passed'),
(6, '22-00062', '1.50', '1.50', '1.50', '1.50', '1.50', 'Passed'),
(7, '22-00062', '1.75', '1.75', '1.75', '1.75', '1.75', 'Passed'),
(8, '22-00062', '2.00', '2.00', '2.00', '2.00', '2.00', 'Passed'),
(9, '22-00062', '1.50', '1.50', '1.50', '1.50', '1.50', 'Passed'),
(10, '22-00062', '1.75', '1.75', '1.75', '1.75', '1.75', 'Passed'),
(1, '22-00071', '2.00', '2.00', '2.00', '2.00', '2.00', 'Passed'),
(2, '22-00071', '1.50', '1.50', '1.50', '1.50', '1.50', 'Passed'),
(3, '22-00071', '1.75', '1.75', '1.75', '1.75', '1.75', 'Passed'),
(4, '22-00071', '1.50', '1.50', '1.50', '1.50', '1.50', 'Passed'),
(5, '22-00071', '1.75', '1.75', '1.75', '1.75', '1.75', 'Passed'),
(6, '22-00071', '2.00', '2.00', '2.00', '2.00', '2.00', 'Passed'),
(7, '22-00071', '1.50', '1.50', '1.50', '1.50', '1.50', 'Passed'),
(8, '22-00071', '1.75', '1.75', '1.75', '1.75', '1.75', 'Passed'),
(9, '22-00071', '1.50', '1.50', '1.50', '1.50', '1.50', 'Passed'),
(10, '22-00071', '1.75', '1.75', '1.75', '1.75', '1.75', 'Passed'),
(1, '22-00082', '1.75', '1.75', '1.75', '1.75', '1.75', 'Passed'),
(2, '22-00082', '1.50', '1.50', '1.50', '1.50', '1.50', 'Passed'),
(3, '22-00082', '2.00', '2.00', '2.00', '2.00', '2.00', 'Passed'),
(4, '22-00082', '1.75', '1.50', '1.75', '1.50', '1.75', 'Passed'),
(5, '22-00082', '1.50', '1.50', '1.50', '1.50', '1.50', 'Passed'),
(6, '22-00082', '1.75', '1.75', '1.75', '1.75', '1.75', 'Passed'),
(7, '22-00082', '2.00', '2.00', '2.00', '2.00', '2.00', 'Passed'),
(8, '22-00082', '1.50', '1.50', '1.50', '1.50', '1.50', 'Passed'),
(9, '22-00082', '1.75', '1.75', '1.75', '1.75', '1.75', 'Passed'),
(10, '22-00082', '2.00', '2.00', '2.00', '2.00', '2.00', 'Passed'),
(1, '22-00091', '1.50', '1.75', '1.50', '1.75', '1.75', 'Passed'),
(2, '22-00091', '1.50', '1.50', '1.50', '1.50', '1.50', 'Passed'),
(3, '22-00091', '1.75', '1.75', '1.75', '1.75', '1.75', 'Passed'),
(4, '22-00091', '2.00', '2.00', '2.00', '2.00', '2.00', 'Passed'),
(5, '22-00091', '1.75', '1.50', '1.75', '1.50', '1.75', 'Passed'),
(6, '22-00091', '1.50', '1.50', '1.50', '1.50', '1.50', 'Passed'),
(7, '22-00091', '1.75', '1.75', '1.75', '1.75', '1.75', 'Passed'),
(8, '22-00091', '2.00', '2.00', '2.00', '2.00', '2.00', 'Passed'),
(9, '22-00091', '1.50', '1.50', '1.50', '1.50', '1.50', 'Passed'),
(10, '22-00091', '1.75', '1.75', '1.75', '1.75', '1.75', 'Passed'),
(1, '22-00104', '1.75', '1.75', '1.75', '1.75', '1.75', 'Passed'),
(2, '22-00104', '1.50', '1.50', '1.50', '1.50', '1.50', 'Passed'),
(3, '22-00104', '1.75', '1.75', '1.75', '1.75', '1.75', 'Passed'),
(4, '22-00104', '2.00', '2.00', '2.00', '2.00', '2.00', 'Passed'),
(5, '22-00104', '1.75', '1.75', '1.75', '1.75', '1.75', 'Passed'),
(6, '22-00104', '1.50', '1.50', '1.50', '1.50', '1.50', 'Passed'),
(7, '22-00104', '1.75', '1.75', '1.75', '1.75', '1.75', 'Passed'),
(8, '22-00104', '2.00', '2.00', '2.00', '2.00', '2.00', 'Passed'),
(9, '22-00104', '1.50', '1.50', '1.50', '1.50', '1.50', 'Passed'),
(10, '22-00104', '1.75', '1.75', '1.75', '1.75', '1.75', 'Passed'),
(1, '22-00132', '1.75', '1.75', '1.75', '1.75', '1.75', 'Passed'),
(2, '22-00132', '1.50', '1.50', '1.50', '1.50', '1.50', 'Passed'),
(3, '22-00132', '1.75', '1.75', '1.75', '1.75', '1.75', 'Passed'),
(4, '22-00132', '2.00', '2.00', '2.00', '2.00', '2.00', 'Passed'),
(5, '22-00132', '1.75', '1.50', '1.75', '1.50', '1.75', 'Passed'),
(6, '22-00132', '1.50', '1.50', '1.50', '1.50', '1.50', 'Passed'),
(7, '22-00132', '1.75', '1.75', '1.75', '1.75', '1.75', 'Passed'),
(8, '22-00132', '2.00', '2.00', '2.00', '2.00', '2.00', 'Passed'),
(9, '22-00132', '1.50', '1.50', '1.50', '1.50', '1.50', 'Passed'),
(10, '22-00132', '1.75', '1.75', '1.75', '1.75', '1.75', 'Passed'),
(1, '22-00144', '2.00', '2.00', '2.00', '2.00', '2.00', 'Passed'),
(2, '22-00144', '1.50', '1.50', '1.50', '1.50', '1.50', 'Passed'),
(3, '22-00144', '1.75', '1.75', '1.75', '1.75', '1.75', 'Passed'),
(4, '22-00144', '1.50', '1.50', '1.50', '1.50', '1.50', 'Passed'),
(5, '22-00144', '1.75', '1.75', '1.75', '1.75', '1.75', 'Passed'),
(6, '22-00144', '2.00', '2.00', '2.00', '2.00', '2.00', 'Passed'),
(7, '22-00144', '1.50', '1.50', '1.50', '1.50', '1.50', 'Passed'),
(8, '22-00144', '1.75', '1.75', '1.75', '1.75', '1.75', 'Passed'),
(9, '22-00144', '1.50', '1.50', '1.50', '1.50', '1.50', 'Passed'),
(10, '22-00144', '1.75', '1.75', '1.75', '1.75', '1.75', 'Passed'),
(1, '22-00150', '1.75', '1.75', '1.75', '1.75', '1.75', 'Passed'),
(2, '22-00150', '1.50', '1.50', '1.50', '1.50', '1.50', 'Passed'),
(3, '22-00150', '1.75', '1.75', '1.75', '1.75', '1.75', 'Passed'),
(4, '22-00150', '2.00', '2.00', '2.00', '2.00', '2.00', 'Passed'),
(5, '22-00150', '1.75', '1.75', '1.75', '1.75', '1.75', 'Passed'),
(6, '22-00150', '1.50', '1.50', '1.50', '1.50', '1.50', 'Passed'),
(7, '22-00150', '1.75', '1.75', '1.75', '1.75', '1.75', 'Passed'),
(8, '22-00150', '2.00', '2.00', '2.00', '2.00', '2.00', 'Passed'),
(9, '22-00150', '1.50', '1.50', '1.50', '1.50', '1.50', 'Passed'),
(10, '22-00150', '1.75', '1.75', '1.75', '1.75', '1.75', 'Passed'),
(1, '22-00072', '1.75', '1.75', '1.75', '1.75', '1.75', 'Passed'),
(2, '22-00072', '1.50', '1.50', '1.50', '1.50', '1.50', 'Passed'),
(3, '22-00072', '1.75', '1.75', '1.75', '1.75', '1.75', 'Passed'),
(4, '22-00072', '2.00', '2.00', '2.00', '2.00', '2.00', 'Passed'),
(5, '22-00072', '1.75', '1.50', '1.75', '1.50', '1.75', 'Passed'),
(6, '22-00072', '1.50', '1.50', '1.50', '1.50', '1.50', 'Passed'),
(7, '22-00072', '1.75', '1.75', '1.75', '1.75', '1.75', 'Passed'),
(8, '22-00072', '2.00', '2.00', '2.00', '2.00', '2.00', 'Passed'),
(9, '22-00072', '1.50', '1.50', '1.50', '1.50', '1.50', 'Passed'),
(10, '22-00072', '1.75', '1.75', '1.75', '1.75', '1.75', 'Passed'),
(8, '22-00122', '1.75', '1.75', '1.75', '2.00', '1.75', 'Passed'),
(3, '22-00122', '1.50', '1.50', '1.50', '1.75', '1.50', 'Passed'),
(4, '22-00122', '1.75', '1.75', '2.00', '2.00', '2.00', 'Passed'),
(1, '22-00122', '2.00', '2.00', '2.00', '2.00', '2.00', 'Passed'),
(2, '22-00122', '1.75', '1.75', '1.75', '1.75', '1.75', 'Passed'),
(5, '22-00122', '1.50', '1.75', '1.75', '1.75', '1.75', 'Passed'),
(6, '22-00122', '2.00', '1.75', '1.75', '1.75', '1.75', 'Passed'),
(9, '22-00122', '1.50', '1.50', '1.50', '1.75', '1.50', 'Passed'),
(11, '23-00056', '1.75', '1.75', '1.75', '2.00', '1.75', 'Passed'),
(12, '23-00056', '1.50', '1.50', '1.50', '1.75', '1.50', 'Passed'),
(3, '23-00056', '1.75', '1.75', '2.00', '2.00', '2.00', 'Passed'),
(4, '23-00056', '2.00', '2.00', '2.00', '2.00', '2.00', 'Passed'),
(1, '23-00056', '1.75', '1.75', '1.75', '1.75', '1.75', 'Passed'),
(2, '23-00056', '1.50', '1.75', '1.75', '1.75', '1.75', 'Passed'),
(19, '23-00056', '2.00', '1.75', '1.75', '1.75', '1.75', 'Passed'),
(20, '23-00056', '1.50', '1.50', '1.50', '1.75', '1.50', 'Passed'),
(5, '23-00056', '1.75', '1.75', '1.75', '1.75', '1.75', 'Passed'),
(6, '23-00056', '1.75', '2.00', '2.00', '2.00', '2.00', 'Passed'),
(9, '23-00056', '1.50', '1.50', '1.75', '1.75', '1.75', 'Passed'),
(10, '23-00056', '1.50', '1.75', '1.75', '1.75', '1.75', 'Passed'),
(13, '24-00055', '1.75', '1.75', '1.75', '2.00', '1.75', 'Passed'),
(14, '24-00055', '1.50', '1.50', '1.50', '1.75', '1.50', 'Passed'),
(3, '24-00055', '1.75', '1.75', '2.00', '2.00', '2.00', 'Passed'),
(4, '24-00055', '2.00', '2.00', '2.00', '2.00', '2.00', 'Passed'),
(1, '24-00055', '1.75', '1.75', '1.75', '1.75', '1.75', 'Passed'),
(2, '24-00055', '1.50', '1.75', '1.75', '1.75', '1.75', 'Passed'),
(16, '24-00055', '2.00', '1.75', '1.75', '1.75', '1.75', 'Passed'),
(9, '24-00055', '1.50', '1.50', '1.75', '1.75', '1.75', 'Passed'),
(10, '24-00055', '1.50', '1.75', '1.75', '1.75', '1.75', 'Passed'),
(13, '24-00056', '1.75', '1.75', '1.75', '1.75', '1.75', 'Passed'),
(14, '24-00056', '1.50', '1.50', '1.75', '1.75', '1.75', 'Passed'),
(3, '24-00056', '2.00', '1.75', '1.75', '1.75', '1.75', 'Passed'),
(4, '24-00056', '2.00', '2.00', '2.00', '2.00', '2.00', 'Passed'),
(1, '24-00056', '1.75', '1.75', '1.75', '1.75', '1.75', 'Passed'),
(2, '24-00056', '1.75', '1.75', '1.75', '1.75', '1.75', 'Passed'),
(16, '24-00056', '2.00', '1.75', '1.75', '1.75', '1.75', 'Passed'),
(9, '24-00056', '1.50', '1.50', '1.50', '1.75', '1.50', 'Passed'),
(10, '24-00056', '1.75', '1.75', '1.75', '2.00', '1.75', 'Passed'),
(13, '24-00057', '1.75', '1.75', '1.75', '1.75', '1.75', 'Passed'),
(14, '24-00057', '1.50', '1.50', '1.50', '1.75', '1.50', 'Passed'),
(3, '24-00057', '1.75', '1.75', '1.75', '2.00', '1.75', 'Passed'),
(4, '24-00057', '2.00', '2.00', '2.00', '2.00', '2.00', 'Passed'),
(1, '24-00057', '1.75', '1.75', '2.00', '2.00', '2.00', 'Passed'),
(2, '24-00057', '1.50', '1.50', '1.75', '1.75', '1.75', 'Passed'),
(16, '24-00057', '2.00', '1.75', '1.75', '1.75', '1.75', 'Passed'),
(9, '24-00057', '1.50', '1.50', '1.50', '1.75', '1.50', 'Passed'),
(10, '24-00057', '1.75', '1.75', '1.75', '1.75', '1.75', 'Passed'),
(17, '23-00060', '1.75', '1.75', '1.75', '2.00', '1.75', 'Passed'),
(18, '23-00060', '1.50', '1.50', '1.50', '1.75', '1.50', 'Passed'),
(1, '23-00060', '1.75', '1.75', '1.75', '1.75', '1.75', 'Passed'),
(2, '23-00060', '1.75', '1.75', '1.75', '1.75', '1.75', 'Passed'),
(9, '23-00060', '1.50', '1.50', '1.75', '1.75', '1.75', 'Passed'),
(11, '23-00123', '1.75', '1.75', '1.75', '2.00', '1.75', 'Passed'),
(19, '23-00123', '1.50', '1.50', '1.50', '1.75', '1.50', 'Passed'),
(20, '23-00123', '1.75', '1.75', '1.75', '1.75', '1.75', 'Passed'),
(12, '23-00123', '1.75', '1.75', '1.75', '1.75', '1.75', 'Passed'),
(5, '23-00123', '1.50', '1.50', '1.75', '1.75', '1.75', 'Passed'),
(6, '23-00123', '2.00', '1.75', '1.75', '1.75', '1.75', 'Passed'),
(1, '23-00123', '1.75', '1.50', '1.50', '1.50', '1.50', 'Passed'),
(2, '23-00123', '1.75', '1.75', '1.75', '1.50', '1.75', 'Passed'),
(9, '23-00123', '1.75', '2.00', '2.00', '2.00', '2.00', 'Passed'),
(8, '23-00123', '1.75', '1.75', '1.75', '1.75', '1.75', 'Passed'),
(8, '23-00002', '1.75', '1.75', '1.75', '1.75', '1.75', 'Passed'),
(3, '23-00002', '2.00', '1.75', '1.75', '1.75', '1.75', 'Passed'),
(4, '23-00002', '1.50', '1.50', '1.50', '1.75', '1.50', 'Passed'),
(1, '23-00002', '1.75', '1.75', '1.75', '1.75', '1.75', 'Passed'),
(2, '23-00002', '1.75', '1.75', '1.75', '1.75', '1.75', 'Passed'),
(19, '23-00002', '1.50', '1.50', '1.75', '1.75', '1.75', 'Passed'),
(20, '23-00002', '1.75', '1.75', '1.75', '1.75', '1.75', 'Passed'),
(5, '23-00002', '1.75', '1.50', '1.50', '1.50', '1.50', 'Passed'),
(6, '23-00002', '2.00', '1.75', '1.75', '1.75', '1.75', 'Passed'),
(9, '23-00002', '1.75', '2.00', '2.00', '2.00', '2.00', 'Passed'),
(17, '23-00002', '1.75', '1.75', '1.75', '2.00', '1.75', 'Passed'),
(18, '23-00002', '1.50', '1.75', '1.75', '1.75', '1.75', 'Passed'),
(11, '22-00120', '1.75', '1.75', '1.75', '2.00', '1.75', 'Passed'),
(12, '22-00120', '1.50', '1.75', '1.75', '1.75', '1.75', 'Passed'),
(8, '22-00120', '1.75', '2.00', '2.00', '2.00', '2.00', 'Passed'),
(1, '22-00120', '1.75', '1.75', '1.75', '1.75', '1.75', 'Passed'),
(2, '22-00120', '1.50', '1.50', '1.75', '1.75', '1.75', 'Passed'),
(19, '22-00120', '1.75', '1.75', '2.00', '2.00', '2.00', 'Passed'),
(20, '22-00120', '1.75', '1.75', '1.75', '2.00', '1.75', 'Passed'),
(5, '22-00120', '1.75', '1.50', '1.50', '1.50', '1.50', 'Passed'),
(6, '22-00120', '2.00', '1.75', '1.75', '1.75', '1.75', 'Passed'),
(9, '22-00120', '1.75', '1.75', '1.75', '1.75', '1.75', 'Passed'),
(10, '22-00120', '1.50', '1.50', '1.50', '1.75', '1.50', 'Passed'),
(11, '21-00080', '1.75', '1.75', '1.75', '2.00', '1.75', 'Passed'),
(19, '21-00080', '1.50', '1.75', '1.75', '1.75', '1.75', 'Passed'),
(20, '21-00080', '1.75', '2.00', '2.00', '2.00', '2.00', 'Passed'),
(12, '21-00080', '1.75', '1.75', '1.75', '1.75', '1.75', 'Passed'),
(5, '21-00080', '1.50', '1.50', '1.75', '1.75', '1.75', 'Passed'),
(6, '21-00080', '1.75', '1.75', '2.00', '2.00', '2.00', 'Passed'),
(1, '21-00080', '1.75', '1.75', '1.75', '2.00', '1.75', 'Passed'),
(2, '21-00080', '1.75', '1.50', '1.50', '1.50', '1.50', 'Passed'),
(9, '21-00080', '2.00', '1.75', '1.75', '1.75', '1.75', 'Passed'),
(3, '21-00080', '1.75', '1.75', '1.75', '1.75', '1.75', 'Passed'),
(4, '21-00080', '1.50', '1.50', '1.50', '1.75', '1.50', 'Passed'),
(21, '22-00058', '1.75', '1.75', '1.75', '1.75', '1.75', 'Passed'),
(22, '22-00058', '2.00', '1.75', '1.75', '1.75', '1.75', 'Passed'),
(7, '22-00058', '1.75', '1.75', '1.75', '1.50', '1.75', 'Passed'),
(8, '22-00058', '1.75', '1.75', '1.75', '1.75', '1.75', 'Passed'),
(1, '22-00058', '1.75', '2.00', '2.00', '2.00', '2.00', 'Passed'),
(2, '22-00058', '1.75', '1.75', '1.75', '1.75', '1.75', 'Passed'),
(5, '22-00058', '1.50', '1.75', '1.75', '1.75', '1.75', 'Passed'),
(6, '22-00058', '2.00', '2.00', '1.75', '1.75', '2.00', 'Passed'),
(9, '22-00058', '1.50', '1.50', '1.50', '1.75', '1.50', 'Passed'),
(10, '22-00058', '1.75', '1.75', '1.75', '2.00', '1.75', 'Passed'),
(15, '24-00055', '1.50', '1.25', '1.50', '1.50', '1.50', 'Passed'),
(15, '24-00057', '1.50', '1.50', '1.75', '1.50', '1.50', 'Passed'),
(15, '24-00056', '1.75', '1.50', '1.50', '2.00', '1.75', 'Passed');

-- --------------------------------------------------------

--
-- Table structure for table `tbl_schedule`
--

CREATE TABLE `tbl_schedule` (
  `class_code` int(11) NOT NULL,
  `subject_code` varchar(20) NOT NULL,
  `days` varchar(10) NOT NULL,
  `time` varchar(20) NOT NULL,
  `room` varchar(10) NOT NULL,
  `faculty_code` varchar(10) NOT NULL,
  `school_year` varchar(9) NOT NULL,
  `semester` varchar(6) NOT NULL
) ENGINE=InnoDB DEFAULT CHARSET=utf8mb4 COLLATE=utf8mb4_general_ci;

--
-- Dumping data for table `tbl_schedule`
--

INSERT INTO `tbl_schedule` (`class_code`, `subject_code`, `days`, `time`, `room`, `faculty_code`, `school_year`, `semester`) VALUES
(1, 'IT 221LAB', 'SAT', 'PM 05:30 - 08:30', 'Lab A', 'CIT04', '2024-2025', '2'),
(2, 'IT 221LEC', 'SUN', 'PM 06:30 - 08:30', 'Lab A', 'CIT04', '2024-2025', '2'),
(3, 'ITC 129LAB', 'SAT', 'PM 02:30 - 05:30', 'Lab B', 'CIT03', '2024-2025', '2'),
(4, 'ITC 129LEC', 'SAT', 'PM 12:30 - 02:30', 'Lab B', 'CIT03', '2024-2025', '2'),
(5, 'IT 220LAB', 'TUE', 'PM 02:30 - 05:30', 'Lab A', 'CIT05', '2024-2025', '2'),
(6, 'IT 220LEC', 'TUE', 'PM 12:30 - 02:30', 'Lab B', 'CIT05', '2024-2025', '2'),
(7, 'GCAS 11', 'MON', 'PM 05:30 - 08:30', 'Crim 2', 'CIT05', '2024-2025', '2'),
(8, 'ITC 128', 'SAT', 'AM 09:00 - 12:00', 'ICT Lab', 'CIT02', '2024-2025', '2'),
(9, 'IT 222', 'WED', 'AM 09:00 - 12:00', 'Lab A', 'CIT01', '2024-2025', '2'),
(10, 'GCAS 1R', 'WED', 'PM 01:30 - 04:30', 'Crim 1', 'CAS02', '2024-2025', '2'),
(11, 'GCAS 18', 'MON', 'PM 02:00 - 04:00', 'Act Area', 'CAS03', '2024-2025', '2'),
(12, 'IT 215', 'MON', 'PM 05:30 - 08:30', 'Lab B', 'CIT03', '2024-2025', '2'),
(13, 'GCAS 04', 'FRI', 'PM 05:30 - 08:30', 'Room 202', 'CAS04', '2024-2025', '2'),
(14, 'ITC 124LEC', 'SAT', 'AM 07:30 - 09:30', 'Lab A', 'CIT06', '2024-2025', '2'),
(15, 'ITC 124LAB', 'SAT', 'AM 09:30-12:30', 'Lab A', 'CIT06', '2024-2025', '2'),
(16, 'GCAS 01', 'TUE', 'PM 04:00 - 07:30', 'Room 104', 'CAS03', '2024-2025', '2'),
(17, 'IT 212LAB', 'WED', 'PM 05:30 - 08:30', 'Lab B', 'CIT03', '2024-2025', '2'),
(18, 'IT 212LEC', 'WED', 'PM 03:30 - 05:30', 'NetLab', 'CIT03', '2024-2025', '2'),
(19, 'IT 213LAB', 'SUN', 'PM 03:30 - 06:30', 'Lab A', 'CIT01', '2024-2025', '2'),
(20, 'IT 213LEC', 'SUN', 'PM 01:30 - 03:30', 'Lab A', 'CIT01', '2024-2025', '2'),
(21, 'IT 216LEC', 'SAT', 'PM 01:00 - 02:00', 'Lab A', 'CIT06', '2024-2025', '2'),
(22, 'IT 216LAB', 'SAT', 'PM 02:00 - 05:00', 'Lab A', 'CIT06', '2024-2025', '2');

-- --------------------------------------------------------

--
-- Table structure for table `tbl_school_year`
--

CREATE TABLE `tbl_school_year` (
  `school_year_code` varchar(11) NOT NULL,
  `school_year` varchar(9) NOT NULL,
  `semester` varchar(6) NOT NULL,
  `status` varchar(10) NOT NULL
) ENGINE=InnoDB DEFAULT CHARSET=utf8mb4 COLLATE=utf8mb4_general_ci;

--
-- Dumping data for table `tbl_school_year`
--

INSERT INTO `tbl_school_year` (`school_year_code`, `school_year`, `semester`, `status`) VALUES
('2024-2025-1', '2024-2025', '1', 'inactive'),
('2024-2025-2', '2024-2025', '2', 'active'),
('2025-2026-1', '2025-2026', '1', 'inactive'),
('2025-2026-2', '2025-2026', '2', 'inactive');

-- --------------------------------------------------------

--
-- Table structure for table `tbl_student_info`
--

CREATE TABLE `tbl_student_info` (
  `student_no` varchar(8) NOT NULL,
  `last_name` varchar(30) NOT NULL,
  `first_name` varchar(30) NOT NULL,
  `middle_name` varchar(30) NOT NULL,
  `course_code` varchar(20) NOT NULL,
  `year_level` int(1) NOT NULL,
  `password` text NOT NULL
) ENGINE=InnoDB DEFAULT CHARSET=utf8mb4 COLLATE=utf8mb4_general_ci;

--
-- Dumping data for table `tbl_student_info`
--

INSERT INTO `tbl_student_info` (`student_no`, `last_name`, `first_name`, `middle_name`, `course_code`, `year_level`, `password`) VALUES
('21-00080', 'Palad', 'Juaren', 'Pablo', 'BSIT', 3, 'da69d4d08f053d165041d1fa1813cab7'),
('22-00017', 'Serrano', 'John Lloyd', 'Francisco', 'BSIT', 3, 'da69d4d08f053d165041d1fa1813cab7'),
('22-00022', 'Branzuela', 'TG', 'Guinita', 'BSIT', 3, 'da69d4d08f053d165041d1fa1813cab7'),
('22-00025', 'Francisco', 'Jofer Jhon', 'Reyes', 'BSIT', 3, 'da69d4d08f053d165041d1fa1813cab7'),
('22-00029', 'De Guzman', 'Hannah', 'Mahinay', 'BSIT', 3, 'da69d4d08f053d165041d1fa1813cab7'),
('22-00037', 'Awayan', 'Marlie Mae', 'Borbon', 'BSIT', 3, 'da69d4d08f053d165041d1fa1813cab7'),
('22-00049', 'Silva', 'Jerho', 'Lolong', 'BSIT', 3, 'da69d4d08f053d165041d1fa1813cab7'),
('22-00050', 'Juanites', 'John Raymund', 'Marquez', 'BSIT', 3, 'da69d4d08f053d165041d1fa1813cab7'),
('22-00058', 'Concha', 'Christian Jake', 'Abrenica', 'BSIT', 3, 'da69d4d08f053d165041d1fa1813cab7'),
('22-00062', 'Edangalino', 'Judith', 'Fontamillas', 'BSIT', 3, 'da69d4d08f053d165041d1fa1813cab7'),
('22-00071', 'Gallano', 'Miguel Carlo', 'Nantes', 'BSIT', 3, 'da69d4d08f053d165041d1fa1813cab7'),
('22-00072', 'Dipasupil', 'Edrian', 'Caalim', 'BSIT', 3, 'da69d4d08f053d165041d1fa1813cab7'),
('22-00082', 'Luciano', 'Justin', 'Benitez', 'BSIT', 3, 'da69d4d08f053d165041d1fa1813cab7'),
('22-00091', 'Vergara', 'Krizia Angela', 'Pastoral', 'BSIT', 3, 'da69d4d08f053d165041d1fa1813cab7'),
('22-00104', 'Guia', 'John Vincent', 'Mose', 'BSIT', 3, 'da69d4d08f053d165041d1fa1813cab7'),
('22-00120', 'Barbosa', 'Larry', 'Sombreo', 'BSIT', 3, 'da69d4d08f053d165041d1fa1813cab7'),
('22-00122', 'Guchone', 'Jacquelyn Lilly', 'Suya', 'BSIT', 3, 'da69d4d08f053d165041d1fa1813cab7'),
('22-00132', 'Lomugdang', 'Junalyn', 'Esclamado', 'BSIT', 3, 'da69d4d08f053d165041d1fa1813cab7'),
('22-00144', 'Pedro', 'Mark Joshua', 'Orejas', 'BSIT', 3, 'da69d4d08f053d165041d1fa1813cab7'),
('22-00150', 'Mayoya', 'Joshua', 'San Antonio', 'BSIT', 3, 'da69d4d08f053d165041d1fa1813cab7'),
('23-00002', 'Argabioso', 'Ainne Arvhie', 'Tuazon', 'BSIT', 3, 'da69d4d08f053d165041d1fa1813cab7'),
('23-00056', 'Buenacosa', 'Genesis', 'Abkilan', 'BSIT', 3, 'da69d4d08f053d165041d1fa1813cab7'),
('23-00060', 'Merin', 'Janela Denice', 'Tejada', 'BSIT', 3, 'da69d4d08f053d165041d1fa1813cab7'),
('23-00123', 'Layugan', 'Abigail', 'Capili', 'BSIT', 3, 'da69d4d08f053d165041d1fa1813cab7'),
('24-00055', 'Aquino', 'Marc Abi', 'Lesaca', 'BSIT', 3, 'da69d4d08f053d165041d1fa1813cab7'),
('24-00056', 'Torcende', 'Cyrus King', 'Junio', 'BSIT', 3, 'da69d4d08f053d165041d1fa1813cab7'),
('24-00057', 'Mingoa', 'Charlene', 'Pelopero', 'BSIT', 3, 'da69d4d08f053d165041d1fa1813cab7');

-- --------------------------------------------------------

--
-- Table structure for table `tbl_subject`
--

CREATE TABLE `tbl_subject` (
  `subject_code` varchar(20) NOT NULL,
  `subject_name` varchar(100) NOT NULL,
  `department_code` varchar(20) NOT NULL
) ENGINE=InnoDB DEFAULT CHARSET=utf8mb4 COLLATE=utf8mb4_general_ci;

--
-- Dumping data for table `tbl_subject`
--

INSERT INTO `tbl_subject` (`subject_code`, `subject_name`, `department_code`) VALUES
('GCAS 01', 'Art Appreciation', 'CAS'),
('GCAS 02', 'Ethics', 'CAS'),
('GCAS 03', 'Contemporary World', 'CAS'),
('GCAS 04', 'Readings in Philippine History', 'CAS'),
('GCAS 05', 'Mathematics in the Modern World', 'CAS'),
('GCAS 06', 'Purposive Communication', 'CAS'),
('GCAS 07', 'Science, Technology, and Society', 'CAS'),
('GCAS 08', 'Understanding the Self', 'CAS'),
('GCAS 09', 'Rizal', 'CAS'),
('GCAS 11', 'Filipino 2', 'CAS'),
('GCAS 14', 'World Literature', 'CAS'),
('GCAS 15', 'PE-1 Enhancement Movement', 'CAS'),
('GCAS 16', 'PE-2 Fitness Exercises', 'CAS'),
('GCAS 17', 'PE-3 Dance/ Swimming', 'CAS'),
('GCAS 18', 'PE-4 Team Sports', 'CAS'),
('GCAS 19', 'NSTP 1', 'CAS'),
('GCAS 1R', 'Community Development', 'CAS'),
('GCAS 20', 'NSTP 2', 'CAS'),
('IT 210', 'Discrete Mathematics', 'CIT'),
('IT 211', 'Intro to Human Computer Interaction', 'CIT'),
('IT 212LAB', 'Elective 1 (LAB)', 'CIT'),
('IT 212LEC', 'Elective 1 (LEC)', 'CIT'),
('IT 213LAB', 'Elective 2 (LAB)', 'CIT'),
('IT 213LEC', 'Elective 2 (LEC)', 'CIT'),
('IT 214LAB', 'Integrative Programming & Technologies 1 (LAB)', 'CIT'),
('IT 214LEC', 'Integrative Programming & Technologies 1 (LEC)', 'CIT'),
('IT 215', 'Quantitative Methods', 'CIT'),
('IT 216LAB', 'Network 1 (LAB)', 'CIT'),
('IT 216LEC', 'Network 1 (LEC)', 'CIT'),
('IT 217LAB', 'System Integration & Architecture 1 (LAB)', 'CIT'),
('IT 217LEC', 'System Integration & Architecture 1 (LEC)', 'CIT'),
('IT 218LAB', 'Elective 3 (LAB)', 'CIT'),
('IT 218LEC', 'Elective 3 (LEC)', 'CIT'),
('IT 219LAB', 'Network 2 (LAB)', 'CIT'),
('IT 219LEC', 'Network 2 (LEC)', 'CIT'),
('IT 220LAB', 'Software Engineering (LAB)', 'CIT'),
('IT 220LEC', 'Software Engineering (LEC)', 'CIT'),
('IT 221LAB', 'Elective 4 (LAB)', 'CIT'),
('IT 221LEC', 'Elective 4 (LEC)', 'CIT'),
('IT 222', 'Information Assurance & Security 1', 'CIT'),
('IT 223 ', 'Information Assurance & Security 2', 'CIT'),
('IT 224', 'Capstone Project & Research 1', 'CIT'),
('IT 225', 'Capstone Project & Research 2', 'CIT'),
('IT 226', 'System Administration & Maintenance', 'CIT'),
('IT 227LAB', 'Event-Driven Programming (LAB)', 'CIT'),
('IT 227LEC', 'Event-Driven Programming (LEC)', 'CIT'),
('IT 228', 'Practicum/ On-the-Job Training (486 hrs)', 'CIT'),
('ITC 110LAB', 'Introduction to Computing (LAB)', 'CIT'),
('ITC 110LEC', 'Introduction to Computing (LEC)', 'CIT'),
('ITC 111LAB', 'Computer Programming 1 (LAB)', 'CIT'),
('ITC 111LEC', 'Computer Programming 1 (LEC)', 'CIT'),
('ITC 112LAB', 'Intro to Graphics and Design (LAB)', 'CIT'),
('ITC 112LEC', 'Intro to Graphics and Design (LEC)', 'CIT'),
('ITC 120LAB', 'Computer Programming 2', 'CIT'),
('ITC 120LEC', 'Computer Programming 2', 'CIT'),
('ITC 121LAB', 'Operating System (LAB)', 'CIT'),
('ITC 121LEC', 'Operating System (LEC)', 'CIT'),
('ITC 122LAB', 'Intro to Web Design (LAB)', 'CIT'),
('ITC 122LEC', 'Intro to Web Design (LEC)', 'CIT'),
('ITC 123LAB', 'Application Development & Emerg. Tech (LAB)', 'CIT'),
('ITC 123LEC', 'Application Development & Emerg. Tech (LEC)', 'CIT'),
('ITC 124LAB', 'Fundamentals of Database Systems (LAB)', 'CIT'),
('ITC 124LEC', 'Fundamentals of Database Systems (LEC)', 'CIT'),
('ITC 125LAB', 'Data Structures and Algorithms (LAB)', 'CIT'),
('ITC 125LEC', 'Data Structures and Algorithms (LEC)', 'CIT'),
('ITC 126', 'Information Management', 'CIT'),
('ITC 127LAB', 'Advance Database System (LAB)', 'CIT'),
('ITC 127LEC', 'Advance Database System (LEC)', 'CIT'),
('ITC 128', 'Social and Professional Issue', 'CIT'),
('ITC 129LAB', 'Computer Org (w/Assembly Language) (LAB)', 'CIT'),
('ITC 129LEC', 'Computer Org (w/Assembly Language) (LEC)', 'CIT'),
('ITC 130LAB', 'Computer Accounting (w/ SAP) (LAB)', 'CIT'),
('ITC 130LEC', 'Computer Accounting (w/ SAP) (LEC)', 'CIT'),
('ITC MO1', 'Applied Trigonometry in Computing', 'CIT'),
('LAW 1', 'Obligations and Contract', 'CCJE'),
('STAT 01C', 'Probability and Statistics', 'CAS');

-- --------------------------------------------------------

--
-- Table structure for table `tbl_users`
--

CREATE TABLE `tbl_users` (
  `user_id` varchar(20) NOT NULL,
  `password` text NOT NULL,
  `account_type` varchar(10) NOT NULL,
  `status` varchar(10) NOT NULL
) ENGINE=InnoDB DEFAULT CHARSET=utf8mb4 COLLATE=utf8mb4_general_ci;

--
-- Dumping data for table `tbl_users`
--

INSERT INTO `tbl_users` (`user_id`, `password`, `account_type`, `status`) VALUES
('admin', 'da69d4d08f053d165041d1fa1813cab7', 'Admin', 'active'),
('admin1', 'da69d4d08f053d165041d1fa1813cab7', 'Admin', 'active'),
('user', 'da69d4d08f053d165041d1fa1813cab7', 'User', 'Active');

--
-- Indexes for dumped tables
--

--
-- Indexes for table `tbl_course`
--
ALTER TABLE `tbl_course`
  ADD PRIMARY KEY (`course_code`);

--
-- Indexes for table `tbl_department`
--
ALTER TABLE `tbl_department`
  ADD PRIMARY KEY (`department_code`);

--
-- Indexes for table `tbl_faculty`
--
ALTER TABLE `tbl_faculty`
  ADD PRIMARY KEY (`faculty_code`);

--
-- Indexes for table `tbl_schedule`
--
ALTER TABLE `tbl_schedule`
  ADD PRIMARY KEY (`class_code`);

--
-- Indexes for table `tbl_school_year`
--
ALTER TABLE `tbl_school_year`
  ADD PRIMARY KEY (`school_year_code`);

--
-- Indexes for table `tbl_student_info`
--
ALTER TABLE `tbl_student_info`
  ADD PRIMARY KEY (`student_no`);

--
-- Indexes for table `tbl_subject`
--
ALTER TABLE `tbl_subject`
  ADD PRIMARY KEY (`subject_code`);

--
-- Indexes for table `tbl_users`
--
ALTER TABLE `tbl_users`
  ADD PRIMARY KEY (`user_id`);

--
-- AUTO_INCREMENT for dumped tables
--

--
-- AUTO_INCREMENT for table `tbl_schedule`
--
ALTER TABLE `tbl_schedule`
  MODIFY `class_code` int(11) NOT NULL AUTO_INCREMENT, AUTO_INCREMENT=23;
COMMIT;

/*!40101 SET CHARACTER_SET_CLIENT=@OLD_CHARACTER_SET_CLIENT */;
/*!40101 SET CHARACTER_SET_RESULTS=@OLD_CHARACTER_SET_RESULTS */;
/*!40101 SET COLLATION_CONNECTION=@OLD_COLLATION_CONNECTION */;
